,count,mean,std,min,25%,50%,75%,max,median
moving_time,9410.0,4522.091710945802,4403.021192019412,601.0,1474.0,2549.5,6330.0,33913.0,2549.5
distance,9410.0,26051.60010626993,26250.23272676101,0.0,7481.5,14754.95,35672.85,205882.0,14754.95
total_elevation_gain,9410.0,284.9181402763018,421.0973291759453,0.0,31.6,90.0,381.2,3896.8,90.0
elapsed_time,9410.0,5490.477789585548,5684.5830544845485,601.0,1700.0,3206.5,7457.5,35990.0,3206.5
highest_elevation,9410.0,280.2782146652497,190.75788758933123,-71.2,163.0,229.6,305.15,2485.2,229.6
lowest_elevation,9410.0,132.1623166843783,65.1258566674069,-134.4,103.0,130.0,148.3,1484.0,130.0
