n_train,n_test,mae,rmse,r2
7231,1808,752.0299371848732,1316.8660058271987,0.9155372395981902
