stop_ratio_gt_0_5,abs_error_median,abs_error_mean,residual_median,count
False,298.81934251351777,749.2217624267801,-112.38229579493373,1757
True,310.37449404913514,848.7743107136921,147.18218495140718,51
