model,n_train,n_test,mae,rmse,r2
HistGBR depth=6 lr=0.05 it=600,7231,1808,598.4133004984585,1135.13818553663,0.9372404871029203
