model,mae,rmse,r2
Baseline Poly2+Ridge (NO-LEAK),752.029937,1316.866006,0.915537
HistGBR depth=6 lr=0.05 it=600,598.4133004984585,1135.13818553663,0.9372404871029203
